"Incident Date",State,"City Or County",Address,"# Killed","# Injured",Operations
"November 25, 2016",Montana,Billings,"308 6th Avenue North",0,2,N/A
"November 24, 2016",Pennsylvania,Philadelphia,"3500 N 9th Street",0,1,N/A
"November 22, 2016",Ohio,Columbus,"200 block of Dana Avenue",0,1,N/A
"November 21, 2016",Florida,Pensacola,"49th Avenue",0,1,N/A
"November 16, 2016",Mississippi,"Marion (county)",N/A,0,1,N/A
"November 15, 2016",Louisiana,"Baton Rouge","North Foster Drive",0,1,N/A
"November 15, 2016",Michigan,"Alcona (county)",N/A,0,1,N/A
"November 13, 2016",Indiana,Indianapolis,"1606 E. 44th Street",0,2,N/A
"November 10, 2016","North Carolina","Bessemer City","200 block of New Moon Lane",0,1,N/A
"November 10, 2016",Wisconsin,Antigo,N/A,0,1,N/A
"November 8, 2016",Alabama,"Birmingham (Hoover)","3267 Warringwood Drive",0,1,N/A
"November 6, 2016",Missouri,"Kansas City","1700 block of Concord Court",0,2,N/A
"November 6, 2016","North Dakota",Bismarck,"4000 Block of Trenton Drive",0,1,N/A
"November 5, 2016",Georgia,Jonesboro,"10000 block of Fitzgerald Road",0,1,N/A
"November 5, 2016",Louisiana,"New Orleans","1400 block of Independence Street.",0,1,N/A
"November 2, 2016",Oklahoma,"Oklahoma City (Del City)","2300 block of Mansfield Avenue",0,1,N/A
"October 31, 2016",Michigan,Clare,"503 Schoolcrest Avenue",0,2,N/A
"October 31, 2016",Oregon,"Sweet Home","1500 block of 47th Ave",0,2,N/A
"October 29, 2016","North Carolina",Lincolnton,"Loop Rd",0,1,N/A
"October 28, 2016",Alabama,Birmingham,"4700 block of Second Avenue South",0,1,N/A
"October 22, 2016",Ohio,"Cincinnati (Price Hill)","4700 block of Guerley Road",0,1,N/A
"October 17, 2016",Arizona,Tucson,"6700 block of West Copperwood Way",0,1,N/A
"October 17, 2016",Indiana,Elkhart,"311 East Carlton Avenue",0,2,N/A
"October 16, 2016",California,"Suisun City","1000 block of Canary Court",0,1,N/A
"October 16, 2016","North Dakota",Abercrombie,N/A,0,1,N/A
"October 16, 2016",Nevada,"Las Vegas","4200 block of Studio Street",0,1,N/A
"October 15, 2016",Connecticut,Enfield,"Ecology Drive",0,1,N/A
"October 13, 2016",Michigan,"Twin Lake","300 block of East Calumet",0,1,N/A
"October 8, 2016",California,Petaluma,"Reynolds Drive",0,1,N/A
"October 4, 2016",Virginia,"Campbell (county)","Marysville Road",0,1,N/A
"October 3, 2016",Texas,"Fort Worth","1416 Meadowlane Terrace",0,1,N/A
"October 3, 2016",Florida,Jacksonville,"7915 Baymeadows Circle East",0,1,N/A
"October 2, 2016",Pennsylvania,Indiana,"Airport Road",0,1,N/A
"September 29, 2016",Missouri,"Saint Joseph","3400 block of South 16th Street",0,1,N/A
"September 27, 2016",Indiana,"Etna Green","9900-block of West C.R. 575 North",0,1,N/A
"September 25, 2016",Mississippi,Mccomb,"Highway 98 East",0,1,N/A
"September 25, 2016",Louisiana,Harvey,"Destrehan Avenue and River Road",0,1,N/A
"September 25, 2016",Tennessee,"Nashville (Donelson)","209 Blue Hills Drive",0,1,N/A
"September 21, 2016",Wisconsin,Milwaukee,"2700 block of N. 20th Street",0,1,N/A
"September 13, 2016",Louisiana,"Gretna (Terrytown)","2148 Esplanade Place",0,1,N/A
"September 12, 2016",Texas,"Fort Worth","1200 block of Susan Avenue",0,1,N/A
"September 11, 2016",Georgia,Decatur,"3569 Larkspur Terrace",0,1,N/A
"September 10, 2016",Missouri,"Saint Louis","2800 block of Stoddard Street",0,1,N/A
"September 6, 2016",Texas,Terrell,"200 Bowser Cir",0,1,N/A
"September 6, 2016",Mississippi,Tupelo,"County Roads 1680 and 3571",0,2,N/A
"September 6, 2016",Tennessee,Louisville,"161 Manor Way",0,1,N/A
"September 5, 2016",Utah,Logan,"454 N 400 E",0,1,N/A
"September 2, 2016",Florida,Pensacola,"700 Truman Avenue",0,1,N/A
"September 1, 2016","South Carolina",Columbia,"228 Meredith Square",1,2,N/A
"August 31, 2016",Massachusetts,Abington,"159 Linwood Street",0,1,N/A
"August 31, 2016",Arizona,Phoenix,"4013 W Yucca St",0,1,N/A
"August 30, 2016",Tennessee,Nashville,"644 Glastonbury Rd",0,1,N/A
"August 28, 2016",Georgia,Atlanta,"900 New Town Cir SE",0,3,N/A
"August 28, 2016",Nevada,"Las Vegas","4800 block of White Aspen Ave",0,1,N/A
"August 25, 2016",Kansas,Lawrence,"500 block of Wisconsin Street",0,1,N/A
"August 18, 2016",Illinois,Harvey,"100 block of East 146th Street",0,1,N/A
"August 12, 2016",Texas,"Corpus Christi","4300 block of Leopard Street",0,1,N/A
"August 11, 2016",Kentucky,Louisville,"1200 block of Brashear Dr",0,1,N/A
"August 8, 2016","North Carolina","Roanoke Rapids","1800 block of Roanoke Avenue",0,1,N/A
"August 7, 2016",Texas,Texarkana,"300 block of Breckenridge Street",0,1,N/A
"August 3, 2016",Arkansas,Lonoke,"100 block of Highridge Drive",0,1,N/A
"August 2, 2016","South Carolina",Coward,"4312 Circle Drive",1,1,N/A
"August 1, 2016","South Carolina",Greenville,"Hillside Circle",0,1,N/A
"July 31, 2016",Pennsylvania,Philadelphia,"1300 block of E. Rittenhouse Street",0,1,N/A
"July 31, 2016",Texas,Houston,"300 block of De Haven St",1,0,N/A
"July 28, 2016",Texas,Alvin,"4000 block of East Texas 6",0,1,N/A
"July 25, 2016","New York",Dunkirk,"544 South Roberts Road",0,1,N/A
"July 24, 2016",Mississippi,Meridian,"107 71st Pl",0,1,N/A
"July 20, 2016",Texas,"Texas City",N/A,0,1,N/A
"July 17, 2016",Michigan,Detroit,"6000 block of Crane Street",0,1,N/A
"July 11, 2016",Washington,Seattle,"7060 E Marginal Way S",0,1,N/A
"July 10, 2016","North Carolina",Greenville,"503-B Battle Street",0,1,N/A
"July 8, 2016",Virginia,Norfolk,"Holt Street",0,1,N/A
"July 4, 2016",Oklahoma,Tulsa,"1875 S. Boulder Ave",0,2,N/A
"June 25, 2016",Ohio,Cleveland,"3578 W 120th Street",0,1,N/A
"June 24, 2016",Arizona,Williams,"233 North Grand Canyon Boulevard",0,1,N/A
"June 19, 2016",Arkansas,"Cotton Plant",N/A,0,1,N/A
"June 17, 2016",Arkansas,Texarkana,"6000 block of Summerwood Lane",0,1,N/A
"June 9, 2016",Tennessee,Memphis,"500 block of Jacklyn Avenue",0,1,N/A
"June 8, 2016",Georgia,Augusta,"3600 block of Old McDuffie Road",0,1,N/A
"June 7, 2016",Tennessee,Lawrenceburg,N/A,0,1,N/A
"June 7, 2016",Kansas,Wichita,"700 block of S Fountain",0,1,N/A
"June 7, 2016",Michigan,Redford,"Winston Street",0,1,N/A
"June 7, 2016",Michigan,"Redford Twp (Redford Charter Township)","15000 block of Winston",0,1,N/A
"June 7, 2016",Oregon,Glide,"Idleyld Park",0,1,N/A
"June 5, 2016",Missouri,Florissant,"4200 block of Cloverfield Trail",0,1,N/A
"May 29, 2016",Ohio,Sandusky,"219 Center Street",0,1,N/A
"May 26, 2016",Georgia,Atlanta,"500 Park Valley Dr NW",0,2,N/A
"May 24, 2016","South Carolina",Bennettsville,"Mill Street",0,1,N/A
"May 21, 2016",Colorado,Denver,"1800 block of West Mississippi Avenue",0,1,N/A
"May 17, 2016",Texas,Beaumont,"Pipkin Street",0,1,N/A
"May 14, 2016",Louisiana,"Baton Rouge","4000 block of Denham Street",0,1,N/A
"May 11, 2016","South Carolina",Columbia,"4300 block of Mellowood Dr",0,1,N/A
"May 10, 2016",Georgia,Decatur,"3841 Kensington Road",0,3,N/A
"May 8, 2016",Maryland,Baltimore,"400 block of North Bend Road",0,1,N/A
"May 8, 2016",Michigan,Detroit,"17600 block of Faust",0,1,N/A
"May 7, 2016",Tennessee,Smyrna,"4000 block of Snowbird Drive",0,1,N/A
"April 29, 2016",Georgia,Augusta,"3904  Wrightsboro Road",0,1,N/A
"April 29, 2016",Georgia,Savannah,"12000 block of Middleground Road",0,1,N/A
"April 29, 2016",Tennessee,Lebanon,"300 block of Dandelion Drive",0,1,N/A
"April 28, 2016","New Mexico","Rio Rancho","21st Street",0,1,N/A
"April 27, 2016",Nebraska,Omaha,"7441 N. 34th Street",0,1,N/A
"April 27, 2016",Michigan,Gladwin,N/A,0,1,N/A
"April 27, 2016",Arizona,Tucson,"Campbell Ave. and Bilby Road",0,1,N/A
"April 22, 2016",Texas,Arlington,"4200 block of Troy Lane",0,1,N/A
"April 20, 2016",Nevada,"Las Vegas","Spring Mountain Road and Decatur Boulevard",0,1,N/A
"April 17, 2016",California,Lodi,"400 block of North Church Street",0,1,N/A
"April 16, 2016",Missouri,"Saint Louis","5400 block of Oriole",0,1,N/A
"April 13, 2016","New Jersey",Pleasantville,"First block of South Franklin Boulevard",0,1,N/A
"April 13, 2016",Mississippi,Jackson,"1850 Chadwick Dr",0,1,N/A
"April 9, 2016",Ohio,Youngstown,"355 East Boston Avenue",0,1,N/A
"April 7, 2016",Pennsylvania,Philadelphia,"1500 block of South 32nd Street",0,1,N/A
"April 7, 2016",Michigan,Detroit,"3900 block of West Vernor Highway",0,1,N/A
"April 5, 2016",Maryland,Edgewater,N/A,0,1,N/A
"April 4, 2016","North Carolina",Rutherfordton,"Hope Drive",0,1,N/A
"April 3, 2016",Florida,"Lehigh Acres","4204 25th St SW",0,1,N/A
"April 2, 2016",Texas,Tyler,"3200 block of Chandler Hwy",0,2,N/A
"March 26, 2016",Idaho,Rigby,"330 W. First South",0,1,N/A
"March 25, 2016",Tennessee,Memphis,"3400 block of Winchester",0,1,N/A
"March 25, 2016",Texas,"San Angelo","5751 Green Hill Road",0,1,N/A
"March 24, 2016",Alabama,Birmingham,"7700 block of 2nd Avenue South",0,1,N/A
"March 21, 2016",Georgia,Lithonia,"2859 Panola Road",0,1,N/A
"March 12, 2016",Georgia,Lawrenceville,"Cannonball Court",0,1,N/A
"March 12, 2016",Florida,"Fort Mc Coy (Fort McCoy)","1501 NE 231 Avenue",0,6,N/A
"March 10, 2016",Wyoming,Cheyenne,"5000 Ogallala Place",0,1,N/A
"March 8, 2016",Ohio,Sandusky,"1500 block of Columbus Ave",0,1,N/A
"March 8, 2016",Florida,Palatka,"Florida 20 and Rowland Ave",0,1,N/A
"March 7, 2016",California,Sacramento,"7600 block of Countryfield Drive",0,1,N/A
"March 3, 2016",Kentucky,"Hickory (Viola)","Kentucky 408 East",0,1,N/A
"February 29, 2016","New Jersey",Paterson,"43 Rosa Parks Boulevard",0,1,N/A
"February 29, 2016","South Carolina",Spartanburg,"340 Rowe St.",0,1,N/A
"February 28, 2016",Virginia,Portsmouth,"4200 block of Moregate Lane",0,1,N/A
"February 28, 2016",Virginia,Portsmouth,"700 block of Lancer Drive",0,1,N/A
"February 23, 2016",Florida,Sanford,N/A,0,1,N/A
"February 20, 2016",Michigan,"Grand Rapids (Kentwood)","5745 East Grove Drive SE",0,1,N/A
"February 17, 2016",Virginia,Suffolk,"200 block of Jonathans Way",0,1,N/A
"February 14, 2016","North Carolina",Knightdale,"200 block of Colchester Drive",0,1,N/A
"February 12, 2016",Kentucky,Louisville,"500 block of West Evelyn Avenue",0,1,N/A
"February 8, 2016",Georgia,"Walton (county)",N/A,0,1,N/A
"February 7, 2016",Ohio,Dayton,"1200 block of Rosedale Drive",0,1,N/A
"February 6, 2016",Texas,Forney,"17437 Adams Trail",0,1,N/A
"February 6, 2016",Georgia,Danielsville,"Georgia Highway 174",0,1,N/A
"February 5, 2016",Texas,Temple,"5200 block of Indian Springs Drive",0,1,N/A
"February 4, 2016",Texas,"Temple (Moffatt)","5200 block of Indian Springs Road",0,1,N/A
"February 2, 2016",Missouri,"Saint Louis","3900 block of S Grand Blvd",0,1,N/A
"January 27, 2016",Maryland,Waldorf,"3300 block of Patapsco Place",0,1,N/A
"January 27, 2016",Texas,Brownsville,"900 block of Ruben Torres Boulevard",0,1,N/A
"January 26, 2016",Louisiana,"New Orleans (Algiers)","300 block of Huntlee Drive",0,1,N/A
"January 23, 2016",Indiana,"South Bend","2700 block of East Edison Road",0,1,N/A
"January 22, 2016",Nevada,"Las Vegas","3600 Las Vegas Boulevard South",0,1,N/A
"January 18, 2016",Missouri,Grandview,N/A,0,1,N/A
"January 15, 2016",Virginia,Abingdon,N/A,0,1,N/A
"January 10, 2016","New York","Orchard Park","Sandpiper Court",0,1,N/A
"January 8, 2016",Tennessee,Kingsport,"2005 Michelham Drive",0,1,N/A
"January 8, 2016",Texas,Carlsbad,"11000 block of Midland",0,1,N/A
"January 4, 2016",Tennessee,Memphis,"1400 block of Briercrest Lane",2,1,N/A
"January 4, 2016",Georgia,Lagrange,"64 North Cary Street",0,1,N/A
"January 4, 2016",Florida,"Saint Cloud","2900 block of Michigan Avenue",0,1,N/A
"January 3, 2016",Iowa,Dubuque,"942 Main Street",0,1,N/A
"January 3, 2016",Texas,Spring,"30706 Eastridge Drive",0,1,N/A
"January 1, 2016",Florida,Orlando,"800 block of South Kirkman Road",0,1,N/A
"December 30, 2015",Pennsylvania,Philadelphia,"2500 block of North Bancroft Street",0,1,N/A
"December 26, 2015",Virginia,"Newport News","400 block of West 27th Street",0,1,N/A
"December 26, 2015",Michigan,"Kent (county)","Lincoln Lake Avenue",1,1,N/A
"December 25, 2015",Oregon,Molalla,"30700 block of S Marian St",0,1,N/A
"December 24, 2015","North Carolina","Franklin (Watauga)","123 Old Chigger Trail",0,1,N/A
"December 24, 2015",Texas,"Fort Worth (Watauga)","123 Old Chigger Trail",0,1,N/A
"December 19, 2015",California,"San Diego","3800 block of Caminito Aguilar",0,1,N/A
"December 19, 2015",California,"San Diego","3884 Caminito Aguilar",0,1,N/A
"December 19, 2015",Texas,Houston,"10633 Strickland",0,1,N/A
"December 15, 2015",Missouri,Imperial,"5400 block of Lakewood Terrace",0,1,N/A
"December 14, 2015",Ohio,Toledo,"2100 block of Alvin Street",0,1,N/A
"December 12, 2015",Alaska,Anchorage,"4000 block of Wispen Circle",0,1,N/A
"December 12, 2015",Illinois,Chicago,"5900 block of South Calumet Avenue",0,1,N/A
"December 6, 2015",Louisiana,"New Orleans","7300 block of Brevard Street",0,1,N/A
"December 6, 2015",Georgia,Conyers,"Frontier Drive",0,1,N/A
"December 5, 2015",Georgia,Atlanta,"2051 Flat Shoals Road SE",0,1,N/A
"December 5, 2015",Ohio,Dayton,"600 block of Hulbert Avenue",0,1,N/A
"December 5, 2015",California,Stockton,N/A,0,1,N/A
"December 3, 2015",Ohio,Columbus,"700 block of Kelton Avenue",0,1,N/A
"December 2, 2015",Ohio,Columbus,N/A,0,1,N/A
"November 30, 2015",Tennessee,Nashville,"84 Whitsett Road",0,1,N/A
"November 29, 2015",Washington,Everett,"12400 block of Admiralty Way",0,1,N/A
"November 26, 2015",Ohio,Baltic,"102 Baltic Haus Drive",0,1,N/A
"November 24, 2015","North Carolina",Raleigh,"4204 Ferriday Court",0,1,N/A
"November 19, 2015",Texas,"Lubbock (county)",N/A,0,1,N/A
"November 15, 2015",Oklahoma,Jay,"E 310 Rd and S 685 Rd",0,1,N/A
"November 12, 2015",Illinois,Chicago,"9000 block of South Bishop",0,1,N/A
"November 6, 2015",Michigan,Troy,"2105 South Blvd W",0,1,N/A
"October 30, 2015",Arizona,Phoenix,"18th Street and Baseline Road",0,1,N/A
"October 29, 2015",Florida,"Fort Myers","3600 block of Seminole Avenue",0,1,N/A
"October 28, 2015",Ohio,Cleveland,"6600 block of Bliss Avenue",0,1,N/A
"October 28, 2015",California,"San Jose","1900 block of Almaden Road",0,2,N/A
"October 25, 2015",Florida,Orlando,"4614 Alrix Drive",0,2,N/A
"October 24, 2015",Pennsylvania,Erie,"2057 Charleston Ave",0,1,N/A
"October 24, 2015",Arkansas,"Forrest City",N/A,0,1,N/A
"October 24, 2015",Texas,Mission,"4600 block of Sorita Street",0,1,N/A
"October 23, 2015",Texas,"San Antonio","Canterbury Drive",0,1,N/A
"October 23, 2015",Florida,Bartow,"Hunt Road",0,1,N/A
"October 19, 2015",Florida,"Lehigh Acres","South Alabama Road",0,1,N/A
"October 19, 2015",Georgia,Rhine,"Oak Grove Church Road",0,1,N/A
"October 17, 2015",Georgia,Dallas,"400 block of Fairview Drive",1,1,N/A
"October 16, 2015","West Virginia","Cedar Grove","200 block of William Street",0,1,N/A
"October 11, 2015","South Carolina","Rock Hill","1100 block of Stanley Drive",0,1,N/A
"October 10, 2015",Alabama,Tuscaloosa,"13000 block of North Rosser Road",0,1,N/A
"September 29, 2015",Illinois,Chicago,"7000 block of South Harper Avenue",0,1,N/A
"September 28, 2015",Pennsylvania,Philadelphia,"5000 block of Boudinot Street",0,3,N/A
"September 24, 2015",Michigan,"Battle Creek","120 block of Greentree Boulevard",0,1,N/A
"September 24, 2015",Oregon,Dallas,"2000 block of Mistletoe Road",0,1,N/A
"September 22, 2015","New York","Lake Placid","The Commons Way",0,1,N/A
"September 20, 2015",Utah,Ogden,"100 North block of Pingree Ave",0,1,N/A
"September 18, 2015",Indiana,Muncie,"700 block of South Elm Street",0,1,N/A
"September 13, 2015",Missouri,"Kansas City","9100 block of Oak Street",0,1,N/A
"September 8, 2015",Arizona,"Casa Grande",N/A,0,1,N/A
"September 4, 2015",Wisconsin,Milwaukee,"4200 block of West Lisbon",0,1,N/A
"September 3, 2015",Mississippi,"Rankin (county)","Perez Cove Road",0,1,N/A
"August 30, 2015",Delaware,"Ocean View","37000 block of Muddy Neck Road",0,1,N/A
"August 30, 2015",Delaware,"Ocean View (Oceanview)","37000 block of Muddy Neck Road",0,1,N/A
"August 30, 2015",Vermont,"West Rutland (Ira)","US 4",0,1,N/A
"August 25, 2015",Georgia,Augusta,"310 Kentucky Avenue",0,1,N/A
"August 24, 2015",Ohio,"Cincinnati (North College Hill)","1900 block of Goodman Avenue",0,1,N/A
"August 21, 2015",Indiana,Indianapolis,"3500 block of North Temple Avenue",0,1,N/A
"August 21, 2015",Texas,"New Braunfels","Shadow Circle",0,1,N/A
"August 20, 2015",Georgia,Savannah,"401 Carolan Street",0,1,N/A
"August 19, 2015",Georgia,Columbus,"1000 Wynnton Rd",0,1,N/A
"August 16, 2015",Georgia,Douglas,"Cutter Road",1,0,N/A
"August 12, 2015",Pennsylvania,Philadelphia,"1100 block of East Chelten Avenue",0,1,N/A
"August 11, 2015",Ohio,Columbus,"400 block of Glenwood Ave",0,1,N/A
"August 10, 2015",Florida,Lakeland,N/A,0,1,N/A
"August 9, 2015",Delaware,Lincoln,"21000 block of W. Mayhew Dr.",0,2,N/A
"August 5, 2015",Pennsylvania,"Ford City","1123 Fourth Avenue",0,1,N/A
"August 4, 2015",Florida,Miami,"112 NE 71st Street",0,1,N/A
"July 31, 2015",Tennessee,Nashville,"Hampton Street",0,1,N/A
"July 31, 2015",Iowa,"Des Moines","2300 block of East 11th Street",0,1,N/A
"July 27, 2015",Missouri,"Saint Louis","3700 block of Wisconsin",0,2,N/A
"July 26, 2015",Missouri,Caruthersville,N/A,0,1,N/A
"July 25, 2015",Virginia,Beaverdam,"20000 block of Beaverdam Road",0,1,N/A
"July 25, 2015",Louisiana,"New Orleans","3100 block of General Meyer Avenue",0,1,N/A
"July 24, 2015",Texas,Galveston,"2200 block of 37th Street",0,1,N/A
"July 24, 2015",Arkansas,"Pine Bluff","500 block of East 28th Street",0,1,N/A
"July 23, 2015",Oklahoma,Choctaw,"11100 block of E Draper Ave",0,1,N/A
"July 21, 2015",Alabama,Mobile,"Border Circle North",0,1,N/A
"July 21, 2015",Missouri,"Saint Louis","Walton Avenue",0,1,N/A
"July 19, 2015",Michigan,Detroit,"16300 block of West Chicago",0,1,N/A
"July 18, 2015",Missouri,Columbia,"6200 block of Eric Lane",0,1,N/A
"July 17, 2015",Michigan,Saginaw,"359 Vestry Dr",0,2,N/A
"July 14, 2015","South Carolina",Conway,"Second Avenue",0,1,N/A
"July 14, 2015",Mississippi,Guntown,"County Road 397",0,1,N/A
"July 13, 2015",Oklahoma,Hodgen,"Cedar Lake Road",0,1,N/A
"July 13, 2015",Arkansas,"LeFlore (county)",N/A,0,1,N/A
"July 10, 2015",Kansas,Lawrence,"6200 block of West 22nd Court",0,1,N/A
"July 10, 2015",Florida,"West Palm Beach","Australian Avenue",0,1,N/A
"July 9, 2015",Colorado,Aurora,"1000 block of North Vaughn Street",0,1,N/A
"July 4, 2015",Iowa,"Council Bluffs","26th Street and Avenue J",0,1,N/A
"July 4, 2015",Tennessee,Nashville,"First Avenue and Korean Veterans Boulevard",0,1,N/A
"July 4, 2015",Ohio,Cleveland,"Willowdale Avenue",0,2,N/A
"July 1, 2015",Louisiana,Shreveport,"3600 block of Colquitt Road",0,1,N/A
"July 1, 2015",Florida,"Plant City","5721 Turkey Tree Lane",0,1,N/A
"June 30, 2015",Wyoming,Cheyenne,"1000 block of Bade Road",0,1,N/A
"June 28, 2015",Kentucky,Cadiz,"5589 Caledonia Road",0,1,N/A
"June 21, 2015",Georgia,Lagrange,"400 block of Revis Street",0,1,N/A
"June 19, 2015",Minnesota,Felton,N/A,0,1,N/A
"June 19, 2015",Ohio,"Columbus (Whitehall)","Chandler Drive",0,1,N/A
"June 15, 2015",Georgia,Lithonia,"2600 block of Embarcadero Drive",0,1,N/A
"June 15, 2015",Pennsylvania,York,"1400 block of Devers Road",0,1,N/A
"June 14, 2015",Maryland,Baltimore,"200 block of North Mount Street",0,1,N/A
"June 11, 2015",Indiana,Indianapolis,"2400 block of Arbor Lake Lane",0,1,N/A
"June 10, 2015",Wisconsin,Hatley,"Esker Road",0,1,N/A
"June 9, 2015",Indiana,Jeffersonville,"Middle Road",0,1,N/A
"June 5, 2015",Texas,Dallas,"11500 Ferguson Road",0,1,N/A
"May 31, 2015",Ohio,Campbell,"Penhale Avenue",0,1,N/A
"May 30, 2015","South Carolina","Myrtle Beach","Carnation Circle",0,1,N/A
"May 19, 2015",Utah,Snowville,"UT 30",0,1,N/A
"May 19, 2015",Georgia,Atlanta,"1900 block of Rollingwood Drive",0,1,N/A
"May 17, 2015",Florida,"Saint Augustine (St Augustine)","3800 block of Osprey Circle",0,1,N/A
"May 17, 2015","North Carolina",Stokes,"Highway 30",0,1,N/A
"May 15, 2015",Louisiana,"Baton Rouge","Rose Garden Drive",0,1,N/A
"May 13, 2015",Oklahoma,"Pottawatomie County",N/A,0,1,N/A
"May 11, 2015",Michigan,"Ann Arbor","3000 block of Valencia Circle",0,1,N/A
"May 10, 2015",Ohio,Trotwood,"4000 block of Mayview Drive",0,1,N/A
"May 8, 2015",Indiana,Gary,"1000 block of Tyler Street",0,1,N/A
"May 6, 2015",Florida,Jacksonville,"5200 block of Redrac Street",0,1,N/A
"May 4, 2015",Michigan,"Clinton Township","34160 Little Mack Ave",0,1,N/A
"May 3, 2015",Iowa,"Iowa City","836 Hudson Ave",0,1,N/A
"May 2, 2015",Alabama,Tarrant,"700 block of Bell Avenue",0,1,N/A
"May 2, 2015",California,"Marysville (Linda)","1900 block of Fernwood Drive",0,2,N/A
"May 2, 2015",Pennsylvania,Hulmeville,"Bellevue Ave",0,1,N/A
"May 2, 2015",Missouri,Senath,"Highway C",0,1,N/A
"May 1, 2015",Alabama,"Phenix City","1200 block of Knowles Rd",0,1,N/A
"April 30, 2015",Arizona,Peoria,"8200 block of West Varney",0,1,N/A
"April 23, 2015",Vermont,Underhill,"Downs Road",0,1,N/A
"April 23, 2015",Michigan,Flint,N/A,0,1,N/A
"April 22, 2015",Illinois,Chicago,"5900 block of South Peoria",0,1,N/A
"April 20, 2015",Alabama,Leeds,"Davis Mountain Road",0,1,N/A
"April 17, 2015",Michigan,Lansing,"5600 block of South Martin Luther King Jr. Boulevard",0,1,N/A
"April 14, 2015",Idaho,Blackfoot,"1600 block of South 2600 West",0,1,N/A
"April 13, 2015",Arizona,Buckeye,"311th Avenue",0,1,N/A
"April 7, 2015",Florida,Zephyrhills,"8544 Old Lakeland Highway",0,1,N/A
"April 7, 2015",Illinois,Chicago,"3700 block of West 13th Street",0,1,N/A
"April 7, 2015",Florida,"Dade City","8500 block of U.S. 98",0,1,N/A
"April 5, 2015",Pennsylvania,Lancaster,"600 block of East Madison Street",0,1,N/A
"April 3, 2015","North Carolina",Raleigh,"5200 block of Evergreen Forest Way",0,1,N/A
"April 3, 2015",Georgia,Hephzibah,"4900 block of Horseshoe Circle",0,1,N/A
"April 2, 2015",Florida,Debary,"Plumosa Road",0,1,N/A
"April 1, 2015",Alabama,"Center Point","1600 block of 1st Street N.W",0,2,N/A
"March 30, 2015",Georgia,Winder,"881 Highway 82",0,1,N/A
"March 29, 2015","North Carolina","Iredell County","Peterborough Drive",0,1,N/A
"March 26, 2015",Pennsylvania,Montoursville,"200 block of Broad Street",0,1,N/A
"March 23, 2015",Kentucky,"Highland Heights","100 block of Bon Jan Lane",0,1,N/A
"March 21, 2015",Pennsylvania,Philadelphia,"6000 block of Charles Street",0,1,N/A
"March 20, 2015","New York",Brooklyn,"71st Street",0,1,N/A
"March 19, 2015",Georgia,Chatsworth,"419 Fullers Chapel Road",0,1,N/A
"March 18, 2015",Missouri,"Phelps County",N/A,0,2,N/A
"March 10, 2015",Georgia,Macon,"Grand Avenue",0,1,N/A
"March 9, 2015",Utah,"Green River","East Teton Boulevard",0,1,N/A
"March 8, 2015",Kentucky,Campbellsville,"400 block of Lowell Avenue",0,1,N/A
"March 8, 2015",Connecticut,Monroe,"76 Partridge Drive",0,1,N/A
"March 7, 2015",Wisconsin,Oshkosh,"Westhaven Drive",0,1,N/A
"March 7, 2015",Missouri,"Texas County",N/A,0,1,N/A
"March 2, 2015",Texas,Houston,"16800 block of Faring Road",0,1,N/A
"February 27, 2015",Nevada,"Las Vegas","3400 block of Algiers Drive",0,1,N/A
"February 22, 2015",Mississippi,Laurel,"37 Johnson Circle",0,1,N/A
"February 21, 2015",Alaska,Wasilla,"4900 E Palmer Wasilla Hwy",0,1,N/A
"February 21, 2015",Ohio,Toledo,"533 block of Prouty Avenue",0,1,N/A
"February 21, 2015",Missouri,Florissant,"1100 block of Paddock Drive",0,1,N/A
"February 15, 2015",Alabama,Gaylesville,"County Road 865",1,2,N/A
"February 13, 2015",Kansas,"Maple City",N/A,0,1,N/A
"February 13, 2015",California,Fresno,"Bullard and Cornelia Avenue",0,1,N/A
"February 11, 2015",Florida,"Orange County",N/A,0,1,N/A
"February 7, 2015",Oregon,Gresham,"1100 block of NW 15th Street",0,1,N/A
"February 2, 2015",Florida,Davie,"4800 block of Southwest 59th Street",0,1,N/A
"January 31, 2015",Indiana,Hamlet,N/A,0,1,N/A
"January 31, 2015",Alabama,Jasper,"24th Street West",0,2,N/A
"January 31, 2015","New Mexico",Albuquerque,"2100 block of Menaul NE",0,2,N/A
"January 30, 2015",Louisiana,"New Roads","Carver Street",0,1,N/A
"January 26, 2015",Wisconsin,Milwaukee,"4200 block of W. Spaulding Place",0,1,N/A
"January 25, 2015",Nevada,"Las Vegas","9100 block of Sparklewood Court",0,1,N/A
"January 18, 2015",Kansas,Delia,"North of 118th and B Road",0,1,N/A
"January 17, 2015",Texas,Colleyville,"Douglas Avenue",0,1,N/A
"January 16, 2015","New Mexico","Flora Vista","County Road 3451",0,1,N/A
"January 11, 2015",Virginia,Chesterfield,"7500 block of Bensley Park Boulevard",0,1,N/A
"January 8, 2015","North Carolina",Lexington,"874 Wafford Road",0,1,N/A
"January 7, 2015",Missouri,"Kansas City","3800 block of Chestnut Avenue",0,1,N/A
"January 6, 2015",Missouri,Pacific,"18325 Rathbun Hills Road",0,1,N/A
"January 2, 2015",Ohio,Columbus,"2700 block of Vantage Point Drive",0,1,N/A
"December 30, 2014",Alabama,Arab,"Cranford Road",0,1,N/A
"December 27, 2014","North Carolina",Graham,"Red Head Tail",0,1,N/A
"December 27, 2014",Indiana,Greenwood,"600 block of Pine Lake Drive",0,1,N/A
"December 26, 2014",Florida,Bradenton,"NW 21st Terrace",0,1,N/A
"December 26, 2014",Idaho,Castleford,N/A,0,1,N/A
"December 14, 2014",Tennessee,Memphis,"3300 block of Aden Street",0,1,N/A
"December 5, 2014",Texas,Killeen,"800 Kern Rd",0,1,N/A
"November 30, 2014",Texas,Houston,"4702 West Magnum Rd.",0,1,N/A
"November 29, 2014",Texas,Houston,"4700 block of West Mangum Road",0,1,N/A
"November 29, 2014",Texas,Rice,N/A,0,1,N/A
"November 22, 2014","New York",Brooklyn,"580 Sutter Avenue",0,1,N/A
"November 21, 2014",Washington,"Lake Stevens","600 block of East Lakeshore Drive",0,1,N/A
"November 21, 2014",Kansas,Marion,N/A,0,1,N/A
"November 20, 2014",Wisconsin,Milwaukee,"3600 block of N. 12th St.",0,1,N/A
"November 15, 2014",Pennsylvania,"Sharon Hill","1400 block of Calcon Hook Road",0,1,N/A
"November 15, 2014",Oklahoma,Velma,N/A,0,1,N/A
"November 14, 2014",Mississippi,"Bay St. Louis","Bay Oaks Drive",0,1,N/A
"November 12, 2014",Florida,Deland,"Parsons Avenue",0,1,N/A
"November 9, 2014",Georgia,Atlanta,"Celebration Court",0,1,N/A
"November 7, 2014",Louisiana,"Baton Rouge","Spedale Street",0,1,N/A
"November 3, 2014",Maryland,Baltimore,"4400 block of Pen Lucy Road",0,1,N/A
"November 3, 2014","West Virginia","White Sulphur Springs","Tuckahoe Road",0,2,N/A
"October 29, 2014",Michigan,Detroit,"18400 block of Algonac",0,1,N/A
"October 27, 2014",Michigan,Detroit,"6200 block of Minnock",0,1,N/A
"October 27, 2014","South Carolina",Aiken,"161 Nautilus Street",0,1,N/A
"October 22, 2014",Indiana,Kokomo,"406 Fawn Drive",1,1,N/A
"October 18, 2014",Pennsylvania,"Gibson Township",N/A,0,1,N/A
"October 11, 2014","North Carolina",Jacksonville,"Northview Court",0,1,N/A
"October 11, 2014",Tennessee,Winchester,"45 Living Oak Lane",0,1,N/A
"October 5, 2014",Mississippi,McComb,"3000 block of Gradyville Road",0,1,N/A
"October 1, 2014","North Carolina","Rutherford County","164 Helen's Lane",0,1,N/A
"September 30, 2014",Delaware,Wilmington,"Cliffside Court",0,1,N/A
"September 29, 2014",Pennsylvania,Williamsport,"2nd and Locust Street",0,1,N/A
"September 29, 2014",Indiana,Indianapolis,"9000 block of East 39th Place",0,1,N/A
"September 25, 2014",Pennsylvania,Saltsburg,"Elders Ridge Road",0,1,N/A
"September 20, 2014","South Carolina",Columbia,"100 block of East Lake Trail",0,1,N/A
"September 17, 2014",Alaska,"Delta Junction",N/A,0,1,N/A
"September 17, 2014",Alabama,Birmingham,"2700 block of 35th Avenue North",0,3,N/A
"September 13, 2014","North Carolina",Charlotte,"Bank Street",0,1,N/A
"September 13, 2014",Virginia,"Virginia Beach","5800 block of Echingham Drive",0,1,N/A
"September 11, 2014",California,Oakland,"2600 block of 77th Avenue ",0,1,N/A
"September 5, 2014",Texas,Humble,"200 block of Moonshine Hill",0,1,N/A
"September 4, 2014",Florida,Middleburg,"2530 Blanding Blvd",0,4,N/A
"September 1, 2014",Tennessee,Rutledge,"329 Wildlife Way",0,1,N/A
"September 1, 2014",Virginia,Dinwiddie,"2100 block of Courthouse Road",0,1,N/A
"August 30, 2014",California,Georgetown,"Bottle Hill Road",0,1,N/A
"August 26, 2014",Michigan,"Battle Creek",N/A,0,1,N/A
"August 23, 2014",Florida,Milton,"4900 block of Trailer Park Court",0,1,N/A
"August 23, 2014",Idaho,Hayden,"9400 block of North Government Way",0,1,N/A
"August 22, 2014",Missouri,Wildwood,"18300 block of Rathbun Hills Road",0,1,N/A
"August 22, 2014",Illinois,Chicago,"4300 block of West Monroe Street",1,0,N/A
"August 19, 2014",Tennessee,Memphis,"3151 Ashwood St",0,1,N/A
"August 15, 2014",Kansas,Newton,"900 block of Cherry Hills Dr",0,1,N/A
"August 14, 2014",Georgia,Atlanta,"2973 Middleton Road NW",0,1,N/A
"August 11, 2014",Michigan,Detroit,"2900 block of Buena Vista",0,1,N/A
"August 10, 2014",Ohio,"Colerain Township","Impala Drive",0,1,N/A
"August 10, 2014",Texas,"Texas City",N/A,0,1,N/A
"August 10, 2014",Texas,Conroe,"1100 South Seventh",0,1,N/A
"August 7, 2014","North Carolina","Lake Waccamaw",N/A,0,1,N/A
"August 7, 2014",Texas,"Texas City",N/A,0,1,N/A
"August 7, 2014","West Virginia",Shinnston,"Bridge Street ",0,1,N/A
"August 6, 2014",Texas,Houston,"10100 Beechnut St",0,2,N/A
"August 6, 2014","North Carolina",Troutman,"Pilch Road",0,1,N/A
"August 5, 2014",Texas,"Fort Worth","600 block of Destin Drive",0,1,N/A
"August 4, 2014",Ohio,"Dayton (Trotwood)","1100 block of Graystone Drive",0,1,N/A
"August 4, 2014",Colorado,Pueblo,"3200 block of Colfax Avenue",0,1,N/A
"August 4, 2014","New York",Smithtown,"303 Devon Lane",0,2,N/A
"August 2, 2014",Nebraska,Omaha,"28th Street and Camden Avenue",0,1,N/A
"July 31, 2014",California,"Lake Tahoe","Lake Tahoe Blvd",0,1,N/A
"July 26, 2014",Texas,Belton,N/A,0,1,N/A
"July 21, 2014",Alabama,Birmingham,"5500 block of Avenue 0",0,1,N/A
"July 16, 2014",Ohio,Loveland,"1500 West Main Street",0,1,N/A
"July 16, 2014",Alabama,Anniston,"3900 block of Greenbrier Dear Road",0,1,N/A
"July 14, 2014",Missouri,"Kansas City","6000 block of Blue Hills Road",0,1,N/A
"July 10, 2014",Ohio,Spencer,"5700 Root Rd",0,1,N/A
"July 9, 2014",Alabama,Anniston,"3900 block of Greenbrier Dear Road",0,1,N/A
"July 9, 2014",Florida,Miramar,"4300 block of SW 132nd Way ",0,1,N/A
"July 7, 2014",Indiana,Indianapolis,"6201 Newberry Rd",0,1,N/A
"July 7, 2014","South Carolina","Saint Helena Island",N/A,0,1,N/A
"July 6, 2014",Tennessee,Chattanooga,N/A,0,1,N/A
"July 3, 2014",Florida,"West Palm Beach","137000 block of 59th Ct",0,1,N/A
"June 27, 2014",Texas,"Henderson County","FM 59",0,1,N/A
"June 26, 2014",Wyoming,"Sheridan County","State Highway 345 ",0,1,N/A
"June 19, 2014",Indiana,Muncie,"400 West Charles Street",0,1,N/A
"June 13, 2014",Texas,Odessa,"16000 block of S. Hwy 385",0,1,N/A
"June 13, 2014","New York",Albion,"341 Caroline St",0,1,N/A
"June 11, 2014",Alabama,Foley,N/A,0,1,N/A
"June 9, 2014",Virginia,Hopewell,"200 block of S. 8th Avenue",0,2,N/A
"June 5, 2014",Ohio,Ansonia,"600 East Canal Stree",0,1,N/A
"June 1, 2014",Louisiana,"New Orleans","I-10 East ",0,1,N/A
"June 1, 2014",Virginia,Richmond,"1400 block of Harwood Street",0,1,N/A
"May 18, 2014",Missouri,"New Florence",N/A,0,1,N/A
"May 17, 2014","North Carolina",Wadesboro,N/A,0,1,N/A
"May 17, 2014","North Carolina",Wadesboro,N/A,0,1,N/A
"May 12, 2014","South Carolina",Summerville,"West Richardson Avenue ",0,1,N/A
"May 12, 2014","South Carolina",Dillon,"South Third Avenue ",0,1,N/A
"April 20, 2014",Ohio,Middletown,N/A,0,1,N/A
"April 14, 2014",Georgia,Albany,"2706 North Slappey Boulevard",0,1,N/A
"April 7, 2014","West Virginia","Charleston (Cross Lanes)","Hurley Drive",0,1,N/A
"March 18, 2014",Utah,Richfield,"Main Street near 500 South ",0,1,N/A
"March 18, 2014",Utah,Richfield,"Main Street",0,1,N/A
"March 13, 2014",Alabama,Prattville,"Upper Kingston Road",0,1,N/A
"March 11, 2014",Indiana,Indianapolis,"2100 block of Mitthoeffer Rd",0,1,N/A
"March 7, 2014",Ohio,Reynoldsburg,"Tamar Ct",0,1,N/A
"March 5, 2014",California,Nuevo," 31000 block of Wolfskill Avenue",1,0,N/A
"March 3, 2014",Arizona,Amado,N/A,0,1,N/A
"March 1, 2014",Oklahoma,"Oklahoma City",N/A,0,2,N/A
"March 1, 2014",Texas,Dallas,N/A,0,1,N/A
"March 1, 2014",Pennsylvania,Butler,N/A,0,1,N/A
"February 22, 2014",Tennessee,Mosheim,"1300 Iron Bridge Road",0,1,N/A
"February 18, 2014",Alabama,Birmingham,N/A,0,1,N/A
"February 14, 2014",Texas,"Aransas Pass",N/A,0,1,N/A
"February 7, 2014",Alabama,Huntsville,"Charlotte Drive ",0,1,N/A
"February 6, 2014","North Carolina",Shelby,N/A,0,1,N/A
"January 24, 2014",Oklahoma,Verdigris,"8100 block of East Misty Morning Place",0,1,N/A
"January 21, 2014",Indiana,"Fort Wayne","2930 South Hanna Street ",0,1,N/A
"January 17, 2014",California,Fresno,"Turner Avenue",0,1,N/A
"January 16, 2014",Arizona,Avondale,"Dysart and Indian School",0,1,N/A
"January 11, 2014",Oregon,Gresham,"Southeast Marie ",0,1,N/A
"January 7, 2014",California,Fresno,"1600 block of N Maple",0,2,N/A
"January 1, 2014","South Carolina",Olanta,"Highway 301",0,1,N/A
"January 1, 2014",Indiana,"Fort Wayne","800 Growth Avenue",0,1,N/A