"Incident Date",State,"City Or County",Address,"# Killed","# Injured",Operations
"November 25, 2016",Texas,"Port Arthur","5200 block of Gulfway Drive",0,1,N/A
"November 24, 2016",Illinois,Chicago,"4900 block of West Wrightwood",0,2,N/A
"November 24, 2016",Illinois,Chicago,"1400 block of North Massasoit",0,1,N/A
"November 23, 2016",Mississippi,"Olive Branch","928 Cross Road",0,4,N/A
"November 23, 2016",Ohio,"Cincinnati (Walnut Hills)","900 block of Yale Avenue",0,1,N/A
"November 23, 2016",Florida,Bradenton,"6032 9th Street East",0,1,N/A
"November 22, 2016","New Jersey",Newark,"18th Ave and Alexander St",1,1,N/A
"November 22, 2016",Louisiana,Lafayette,"500 block of South Bienville Street",0,1,N/A
"November 22, 2016",Florida,Miami,"Northwest 17th Avenue and Northwest 31st Street",1,2,N/A
"November 22, 2016",Illinois,Chicago,"3541 South California",0,3,N/A
"November 22, 2016",California,"Los Angeles","1400 block of East 51st Street",1,3,N/A
"November 22, 2016",Florida,Miami,"11200 block of Southwest 220th Terrace",0,1,N/A
"November 22, 2016",Louisiana,"Baton Rouge","2200 block of 73rd Street",0,1,N/A
"November 22, 2016",Ohio,Columbus,"1480 West Broad Street",1,1,N/A
"November 21, 2016",Virginia,Triangle,"Olde Port Ln and Graham Park Rd",0,1,N/A
"November 21, 2016",California,"San Bernardino","6900 block of Tippecanoe Avenue",0,1,N/A
"November 21, 2016",Arkansas,"Little Rock","5103 Asher Ave.",0,3,N/A
"November 21, 2016",Illinois,Chicago,"1300 block of South Homan",1,1,N/A
"November 21, 2016",Texas,Baytown,"400 block of William Avenue",0,3,N/A
"November 21, 2016",Louisiana,"New Orleans","Mardi Gras Street and Nunez Street",0,1,N/A
"November 21, 2016",Illinois,Chicago,"1300 block of South Karlov",0,1,N/A
"November 21, 2016",Pennsylvania,Philadelphia,"4400 block of North Gratz Street",0,1,N/A
"November 20, 2016","New Jersey",Trenton,"100 Block of Oakland St",0,1,N/A
"November 20, 2016","New Jersey",Trenton,"Stuyvesant and Hoffman avenues",0,1,N/A
"November 20, 2016",Connecticut,Bridgeport,"Atlantic Avenue",0,1,N/A
"November 20, 2016",Arkansas,"Little Rock","11810 Pleasant Ridge Rd",0,1,N/A
"November 20, 2016",Ohio,Findlay,"1800 North Blanchard Street",0,1,N/A
"November 19, 2016",Virginia,Hampton,"2201 Todds Lane",0,1,N/A
"November 19, 2016",Illinois,"Pembroke Township","13500E block of 2000S Road",0,1,N/A
"November 19, 2016",California,"San Diego","3600 block of Altadena Avenue",0,1,N/A
"November 19, 2016",California,Farmersville,"500 block of East Front Street",0,2,N/A
"November 19, 2016",Florida,"Palm Beach (county)","West 36th Street and President Barack Obama Hwy",0,3,N/A
"November 19, 2016",Illinois,Chicago,"1400 block of North Latrobe",1,1,N/A
"November 19, 2016",Mississippi,Gulfport,"50 block of 52nd Street",0,1,N/A
"November 18, 2016","South Carolina",Clearwater,"1022 Fairview Road",1,1,N/A
"November 18, 2016","New Jersey",Trenton,"Elmhurst Ave",0,1,N/A
"November 18, 2016",Illinois,Danville,"Plum and Griggs",0,1,N/A
"November 18, 2016",Illinois,Chicago,"5000 block of West Wabansia",0,4,N/A
"November 18, 2016",Arkansas,"Little Rock","Baseline Road",0,1,N/A
"November 18, 2016",Virginia,Danville,"200 block of Kemper Road",1,2,N/A
"November 17, 2016",Tennessee,Dyersburg,"160 Longfellow",1,7,N/A
"November 17, 2016",Illinois,Chicago,"3900 block of West Grenshaw",0,1,N/A
"November 16, 2016",Illinois,Chicago,"2100 block of South California",0,1,N/A
"November 16, 2016",Louisiana,"New Orleans","5600 block of Pauline Drive",0,1,N/A
"November 16, 2016",Delaware,Wilmington,"Linden and S. Van Buren",0,1,N/A
"November 16, 2016",California,Berkeley,"1260 Allston Way",0,2,N/A
"November 15, 2016",Georgia,Albany,"1500 block Avalon Avenue",0,1,N/A
"November 15, 2016",Texas,"San Antonio","400 block of Brookview Drive",0,1,N/A
"November 15, 2016",Michigan,"Alcona (county)",N/A,0,1,N/A
"November 14, 2016",Pennsylvania,Philadelphia,"2000 block of South 60th Street",0,1,N/A
"November 14, 2016",Virginia,"Newport News","7400 block of River Road",0,1,N/A
"November 14, 2016",Oklahoma,Tulsa,"11th Street and 129th East Avenue",0,1,N/A
"November 14, 2016",Illinois,Joliet,"200 block of North Hickory Street",0,3,N/A
"November 14, 2016",Delaware,Wilmington,"8th and N. Madison streets",0,1,N/A
"November 14, 2016",Louisiana,Lafayette,"2000 block of Moss Street",0,1,N/A
"November 13, 2016",Virginia,Richmond,"1300 block of Coalter Street",0,1,N/A
"November 13, 2016",Vermont,"South Royalton (Royalton)","Gage Rd",0,1,N/A
"November 13, 2016",Oregon,Lebanon,"36400 block of Gore Drive",0,1,N/A
"November 13, 2016",Indiana,Vevay,"Ashland Cove Road",0,1,N/A
"November 13, 2016",Illinois,Chicago,"6300 block of South King Drive",0,2,N/A
"November 13, 2016",Louisiana,"New Iberia","600 block of Ambassador W. Lemelle Drive",0,1,N/A
"November 13, 2016","New Jersey",Paterson,"Fair Street",0,1,N/A
"November 12, 2016",Connecticut,Bridgeport,"2500 Park Avenue",0,5,N/A
"November 12, 2016",Kentucky,Louisville,"1600 St. Catherine Street",0,1,N/A
"November 12, 2016","New Hampshire",Nashua,N/A,0,1,N/A
"November 12, 2016","North Carolina",Kinston,"900 block of West Vernon Ave.",0,1,N/A
"November 12, 2016",Michigan,"Grand Rapids","Griggs Street",0,1,N/A
"November 12, 2016",Illinois,Springfield,"1600 block of South First Street",0,2,N/A
"November 12, 2016",Illinois,Chicago,"8700 block of South Racine",0,1,N/A
"November 11, 2016",Wisconsin,"Oconto (county)",N/A,0,1,N/A
"November 11, 2016",Virginia,"Newport News","Roseman Court and Beechmont Drive",0,1,N/A
"November 11, 2016",Illinois,Rockford,"900 N Rockton Ave",1,1,N/A
"November 11, 2016",Tennessee,Columbia,"200 block of Bullock St",0,1,N/A
"November 11, 2016",Ohio,Columbus,"1300 block of East 5th Ave",0,1,N/A
"November 11, 2016",Georgia,"Dekalb (county)","County Road 9055",0,2,N/A
"November 11, 2016","New Jersey",Trenton,"1 Kingsbury Square",0,1,N/A
"November 11, 2016",Massachusetts,Boston,"82 River St",0,1,N/A
"November 11, 2016",Michigan,Detroit,"McGraw and Proctor",1,1,N/A
"November 11, 2016",Alabama,Albertville,"County Road 9055",0,2,N/A
"November 10, 2016",Maryland,Annapolis,"1100 block of Frederick Douglass Street",0,1,N/A
"November 10, 2016",Kansas,"Council Grove","7th and Main Street",0,1,N/A
"November 10, 2016",Illinois,Chicago,"Waukegan Avenue and Orchard Lane",0,1,N/A
"November 10, 2016",Illinois,Chicago,"3800 block of West Wilcox",0,1,N/A
"November 10, 2016",Georgia,Savannah,"Yemessee Rd.",0,1,N/A
"November 9, 2016",Illinois,Chicago,"600 block of South Karlov",0,1,N/A
"November 9, 2016",Virginia,Richmond,"2800 block of Dunn Avenue",0,1,N/A
"November 9, 2016",Illinois,Rockford,"400 S Day Ave",0,1,N/A
"November 9, 2016",Illinois,Chicago,"100 block of Springfield",0,1,N/A
"November 9, 2016",Illinois,Chicago,"3000 block of West Lexington",0,1,N/A
"November 9, 2016",Illinois,Chicago,"2800 block of South Trumbull",0,1,N/A
"November 8, 2016",Illinois,Chicago,"1800 block of West 45th Street",0,1,N/A
"November 7, 2016",Tennessee,Knoxville,"509 Vista Glen Way",0,1,N/A
"November 7, 2016",Pennsylvania,Philadelphia,"2100 block of Firth Street",0,1,N/A
"November 7, 2016",Indiana,Gary,"4899 Georgia St",0,1,N/A
"November 7, 2016",Louisiana,"New Iberia","600 block of Hopkins Street",0,1,N/A
"November 6, 2016",Maryland,Baltimore,"3500 block of 4th St.",0,1,N/A
"November 6, 2016",Virginia,Norfolk,"West 29th Street and Gosnold Avenue",0,1,N/A
"November 6, 2016",Indiana,Indianapolis,"2700 block of Black Knight Boulevard",0,1,N/A
"November 6, 2016",Illinois,Carlinville,"500 block of Johnson Street",0,2,N/A
"November 6, 2016",Illinois,Chicago,"8500 block of South Carpenter",0,1,N/A
"November 6, 2016",Georgia,Savannah,"500 block of West Gwinnett Street",0,1,N/A
"November 6, 2016",Oklahoma,Tulsa,N/A,0,1,N/A
"November 5, 2016",Georgia,Jonesboro,"10000 block of Fitzgerald Road",0,1,N/A
"November 5, 2016",Virginia,Roanoke,"1500 block of Wellsley Street Northwest",0,1,N/A
"November 5, 2016",California,Oakland,"420 14th Street",0,8,N/A
"November 5, 2016",Mississippi,Natchez,"Edgin Street",0,1,N/A
"November 5, 2016",Illinois,Chicago,"4800 block of North Winthrop",0,5,N/A
"November 5, 2016",Illinois,Chicago,"6200 block of South Eberhart",0,1,N/A
"November 5, 2016",Wisconsin,Racine,"16th Street and Grange Avenue",0,1,N/A
"November 5, 2016",Pennsylvania,Philadelphia,"1500 block of South 26th Street",0,1,N/A
"November 5, 2016",Arizona,Phoenix,"55th Avenue and Clarendon",0,1,N/A
"November 5, 2016",California,Fresno,"5271 E Kings Canyon Road",0,1,N/A
"November 4, 2016",Pennsylvania,Philadelphia,"5451 Springfield Avenue",0,4,N/A
"November 4, 2016",Pennsylvania,Chester,"600 block of Central Avenue",0,2,N/A
"November 4, 2016",Florida,Orlando,"Curry Ford Road and Oxalis Avenue",0,1,N/A
"November 4, 2016",Illinois,Springfield,"2000 block of East Jackson Street",0,1,N/A
"November 4, 2016",Illinois,Chicago,"1000 block of North Lorel",0,2,N/A
"November 4, 2016",Illinois,Chicago,"7000 block of South Eberhart",0,1,N/A
"November 4, 2016",California,Hemet,"200 block of South Palm Avenue",1,1,N/A
"November 4, 2016",Arizona,Tolleson,"100th Avenue and Williams Street",0,1,N/A
"November 4, 2016",Illinois,Champaign,"300 block of North Third Street",0,3,N/A
"November 3, 2016",Ohio,Columbus,"3100 block of Somerset Court South",0,1,N/A
"November 3, 2016",Alabama,Birmingham,"125 Roebuck Drive",0,1,N/A
"November 3, 2016",Illinois,Chicago,"1300 block of West 103rd Street",0,2,N/A
"November 3, 2016",Georgia,Savannah,"1500 block of E. 33rd Street",0,3,N/A
"November 3, 2016",Maine,Springfield,N/A,0,1,N/A
"November 2, 2016",Illinois,Chicago,"5100 block of West End",0,1,N/A
"November 2, 2016",Illinois,Chicago,"700 block of South Kenneth Avenue",0,1,N/A
"November 2, 2016",Illinois,Chicago,"3000 block of South Avers",0,2,N/A
"November 1, 2016",Illinois,Chicago,"5300 block of West Crystal",0,2,N/A
"November 1, 2016",Missouri,"Saint Louis","Page and Hodiamont",0,1,N/A
"November 1, 2016",California,Pomona,"800 block of East La Verne",0,1,N/A
"November 1, 2016",Tennessee,Memphis,"5200 block of Zodiac Rd",1,5,N/A
"November 1, 2016",Arkansas,Jonesboro,"2200 block of Clover Drive",0,1,N/A
"October 31, 2016",Pennsylvania,Lebanon,"302 E Weidman Street",0,1,N/A
"October 31, 2016",Ohio,Columbus,"Kimball Place and Gault Street",0,1,N/A
"October 31, 2016","New Jersey",Orange,"North Day Street",0,2,N/A
"October 31, 2016",Indiana,Evansville,"700 block of Judson Street",0,1,N/A
"October 31, 2016",Indiana,"Fort Wayne","4500 block of Reed Street",0,2,N/A
"October 31, 2016",Illinois,Chicago,"5600 block of West Corcoran Place",0,2,N/A
"October 31, 2016",Illinois,Chicago,"4500 block of North Malden",0,1,N/A
"October 31, 2016",Illinois,Chicago,"5200 block of West Kamerling",0,1,N/A
"October 31, 2016",Michigan,"Grand Rapids","Cass Avenue",0,1,N/A
"October 31, 2016",Illinois,Chicago,"1200 block of South Lawndale",0,2,N/A
"October 31, 2016",Illinois,Chicago,"1800 block of East 72nd Street",0,1,N/A
"October 31, 2016",Illinois,Chicago,"4900 block of West Race",0,1,N/A
"October 31, 2016",Illinois,Chicago,"North and Central",0,1,N/A
"October 31, 2016",Nevada,"Las Vegas","Horizon Ridge",0,3,N/A
"October 31, 2016",Missouri,"Saint Louis","4400 block of Richard",0,2,N/A
"October 30, 2016",Kentucky,Louisville,"4300 block of River Park Drive",0,1,N/A
"October 30, 2016","New York",Bronx,"West 165th Street",0,3,N/A
"October 30, 2016",Florida,Tampa,"2307 East Busch Boulevard",1,1,N/A
"October 30, 2016",California,"Santa Ana","300 block of Walnut Street",0,1,N/A
"October 30, 2016",Alabama,Huntsville,"Doak Drive and Joppa Circle",0,3,N/A
"October 30, 2016",Louisiana,"Plain Dealing",N/A,0,1,N/A
"October 30, 2016",Texas,"San Antonio","400 block of Dorie Street",0,1,N/A
"October 29, 2016",Massachusetts,Boston,"152 Washington Street",1,1,N/A
"October 28, 2016",California,Merced,"4600 block of Beckman Way",0,3,N/A
"October 28, 2016",Illinois,Chicago,"100 block of East 56th Street",0,1,N/A
"October 28, 2016","West Virginia",Hedgesville,"Durham Drive",0,1,N/A
"October 27, 2016",Illinois,"East Saint Louis","700 block of Summit Avenue",1,1,N/A
"October 27, 2016",Illinois,Chicago,"200 block of South Lotus",0,1,N/A
"October 27, 2016",Louisiana,Metairie,"8100 bock of Airline Drive",0,1,N/A
"October 26, 2016",Virginia,"Newport News","1100 block of 42nd Street",0,1,N/A
"October 26, 2016",Ohio,Zanesville,"507 Imlay Avenue",0,1,N/A
"October 26, 2016",Georgia,Atlanta,"35 Hamilton E Holmes Dr NW",1,1,N/A
"October 26, 2016",Florida,"Pinellas Park","7600 block of 62nd Way",0,1,N/A
"October 26, 2016",California,"Santa Ana","1500 block of North Durant Street",0,2,N/A
"October 26, 2016",Illinois,"Chicago (Englewood)","700 block of West 59th",0,1,N/A
"October 25, 2016",Washington,Yakima,"Fourth and Pine",0,1,N/A
"October 25, 2016","South Carolina",Anderson,"Montague Street",0,3,N/A
"October 25, 2016",Utah,Sandy,"615 E. 8000 South",0,1,N/A
"October 25, 2016",Florida,Jacksonville,"3300 block of Nancy Street",0,2,N/A
"October 25, 2016",Texas,"San Antonio","6222 South New Braunfels Avenue",0,1,N/A
"October 25, 2016",Illinois,Chicago,"6500 block of South King",0,1,N/A
"October 25, 2016","New Jersey",Newark,"Lincoln Street and Eagles Parkway",0,2,N/A
"October 25, 2016",California,"Los Angeles","Pacific Coast Highway and Broad Avenue",1,2,N/A
"October 24, 2016",Ohio,Columbus,"Selkirk Rd and Seabrook Ave",0,1,N/A
"October 24, 2016",Colorado,"El Paso (county)","Eastonville and Judge Orr Road",0,1,N/A
"October 24, 2016",Illinois,"Chicago (Roseland)","10900 block of South Princeton",0,1,N/A
"October 23, 2016",Florida,Bradenton,"6000 block of 34th Street West",0,1,N/A
"October 23, 2016",Nevada,Reno,"Douglas Alley and North Virginia Street",1,2,N/A
"October 23, 2016","New York","Corona (Queens)","17900 block of 90th Avenue",0,1,N/A
"October 23, 2016",Illinois,Chicago,"2100 block of South Western",0,1,N/A
"October 23, 2016",Georgia,Savannah,"600 block of Cape Street",0,1,N/A
"October 23, 2016",Wisconsin,Milwaukee,"39th and Florist",0,1,N/A
"October 23, 2016",Illinois,Chicago,"3700 block of West 25th Stree",0,1,N/A
"October 23, 2016","North Carolina",Durham,"1303 Leon Street",0,1,N/A
"October 23, 2016",Illinois,Chicago,"1500 block of West 81st Street",0,1,N/A
"October 22, 2016",Ohio,Cleveland,"West 28th Street",0,1,N/A
"October 22, 2016",Colorado,Denver,"Bruce Randolph Avenue and York Street",0,1,N/A
"October 22, 2016",Pennsylvania,Philadelphia,"2805 N 22nd St",1,1,N/A
"October 22, 2016",California,Fullerton,"2300 block of Iris Court",0,1,N/A
"October 22, 2016",Texas,"Del Rio","Cortinas St",0,1,N/A
"October 22, 2016",Maine,"New Sharon","236 Starks Road",0,1,N/A
"October 22, 2016",Florida,Miami,"101 NW 34th St",0,3,N/A
"October 22, 2016",Georgia,Atlanta,"Metropolitan Parkway",0,1,N/A
"October 22, 2016",Illinois,Chicago,"8900 block of South Winchester",0,2,N/A
"October 22, 2016",Illinois,Chicago,"7900 block of South Francisco Avenue",0,1,N/A
"October 22, 2016",Georgia,Lagrange,"716 Glenn Robertson Street",0,1,N/A
"October 22, 2016",Massachusetts,Springfield,"31 Acorn Street",0,1,N/A
"October 22, 2016",Florida,"Daytona Beach","223 S Dr Martin Luther King Jr Blvd.",0,1,N/A
"October 22, 2016",Ohio,Cleveland,"East 131st",0,2,N/A
"October 21, 2016","New York",Rochester,"833 Bay Street",0,1,N/A
"October 21, 2016",Texas,Houston,"304 East 39th Street",0,4,N/A
"October 21, 2016",Mississippi,Jackson,"2100 block of McFadden Road",0,1,N/A
"October 21, 2016",Pennsylvania,Harrisburg,"2400 block of Reel Street",0,1,N/A
"October 21, 2016",California,Oakland,"8900 block of Olive Street",0,1,N/A
"October 21, 2016",Illinois,Chicago,"1800 block of West 54th Street",0,2,N/A
"October 20, 2016","New Jersey",Paterson,"229 Rosa Parks Boulevard",0,1,N/A
"October 20, 2016",Illinois,Chicago,"4300 block of South Michigan",0,1,N/A
"October 19, 2016",Massachusetts,Chelsea,"58 Bellingham Street",0,1,N/A
"October 19, 2016",Illinois,Chicago,"7500 block of South Loomis",0,1,N/A
"October 18, 2016",Florida,"Cape Coral","1400 block of Southwest 54th Terrace",0,1,N/A
"October 18, 2016",Florida,Bradenton,"5400 block of 24th Street West",0,1,N/A
"October 18, 2016",Georgia,Savannah,"2100 block Hanson Street",0,1,N/A
"October 18, 2016",Louisiana,"New Orleans","Louisa Street and Almonaster Avenue",0,2,N/A
"October 18, 2016",California,"San Francisco","325 La Grande Avenue",0,4,N/A
"October 18, 2016",California,"Los Angeles","83rd and Main street",0,2,N/A
"October 17, 2016",Georgia,Columbus,"McNeese Drive",0,1,N/A
"October 17, 2016",Illinois,"Chicago (Englewood)","6700 block of South Winchester",1,4,N/A
"October 17, 2016",Indiana,Elkhart,"311 East Carlton Avenue",0,2,N/A
"October 16, 2016",Florida,Gainesville,"6500 block of Southwest Archer Road",0,1,N/A
"October 16, 2016",Utah,"Salt Lake City","1344 S. Emery Street",0,1,N/A
"October 16, 2016",Kansas,"Cowley (county)","22000 block of 12th Road",0,1,N/A
"October 16, 2016",Florida,"Hallandale (Hallandale Beach)","700 block of Northwest 7th Avenue",1,1,N/A
"October 16, 2016",Tennessee,Chattanooga,"4100 block of Kirkland Avenue",0,1,N/A
"October 16, 2016","New York",Syracuse,"100 block of Niven Street",0,1,N/A
"October 16, 2016","New Jersey",Trenton,"1 block of Oakland Street",0,1,N/A
"October 16, 2016",Georgia,Lithonia,"5375 Fairington Rd",0,3,N/A
"October 16, 2016",Illinois,Chicago,"2300 block of North Monitor",0,1,N/A
"October 16, 2016","North Dakota",Abercrombie,N/A,0,1,N/A
"October 16, 2016",California,Oakland,"1100 block of Eighth Street",0,1,N/A
"October 16, 2016",California,Oakland,"Keller Avenue and Interstate 580",0,1,N/A
"October 15, 2016",Alabama,Mobile,"1800 block of St Stephens Road",0,5,N/A
"October 15, 2016",Florida,"Miami Gardens","2700 block of Northwest 173rd Terrace",0,1,N/A
"October 15, 2016",Florida,"Miami Gardens","2350 West Bunche Park Drive",0,3,N/A
"October 15, 2016",Virginia,Richmond,"Redd and Coulter Street",0,2,N/A
"October 15, 2016",Illinois,Peoria,"1800 block of North Bigelow Street",0,1,N/A
"October 15, 2016",Illinois,Chicago,"2300 block of North Normandy",0,1,N/A
"October 15, 2016",California,Oakland,"2400 block of Telegraph Avenue",0,1,N/A
"October 14, 2016",Ohio,Cleveland,"16602 Dynes Ave",0,1,N/A
"October 14, 2016",California,Fresno,"East Clinton Avenue and North Del Mar Avenue",0,1,N/A
"October 14, 2016",Virginia,Danville,"West James Street",0,1,N/A
"October 14, 2016",Illinois,Chicago,"1500 block of West Farwell Avenue",0,1,N/A
"October 14, 2016",Illinois,Freeport,"1100 block of South State Ave",0,1,N/A
"October 14, 2016",Texas,Houston,Westheimer,0,1,N/A
"October 13, 2016","South Carolina",Conway,"1404 Church St",0,1,N/A
"October 13, 2016",Ohio,Columbus,"1320 Duxberry Ave",0,2,N/A
"October 13, 2016",Colorado,"Arapahoe (county)","Parker Road and East Florida Avenue",0,1,N/A
"October 13, 2016",Mississippi,Jackson,"Derrick Street",0,1,N/A
"October 13, 2016",Virginia,Norfolk,"1700 block of Vernon Drive",0,2,N/A
"October 13, 2016",California,"San Diego","400 block of 32nd Street",0,1,N/A
"October 13, 2016","New York",Buffalo,"Leroy Avenue and Hill Street",1,1,N/A
"October 13, 2016",Oregon,Portland,"120th Avenue and Harold Street",0,1,N/A
"October 12, 2016",Florida,"Miami Gardens","NW 6th Ave and 181st St",0,1,N/A
"October 12, 2016",Ohio,Cleveland,"5902 Storer Ave",0,3,N/A
"October 12, 2016",Kentucky,Louisville,"5600 block of Rustic Way",0,1,N/A
"October 12, 2016",Arizona,Peoria,"7522 W Deer Valley Rd",0,2,N/A
"October 12, 2016","New Jersey","Atlantic City","1300 block of Caspian Avenue",0,1,N/A
"October 12, 2016",Illinois,Chicago,"1100 block of North Lawler",0,1,N/A
"October 12, 2016",Texas,Killeen,"3320 East Rancier Avenue",0,1,N/A
"October 11, 2016",Illinois,Chicago,"2500 block of North Kostner",1,1,N/A
"October 11, 2016","North Carolina",Greensboro,"2300 Juliet Place",1,1,N/A
"October 11, 2016","Rhode Island",Providence,"Cypress and Camp Street",0,2,N/A
"October 11, 2016",Florida,"Miami Gardens","Northwest Sixth Avenue and 181st Street",0,1,N/A
"October 11, 2016",Tennessee,Memphis,"1559 Sycamore View Road",0,1,N/A
"October 11, 2016",Texas,"San Antonio","8500 block of Glen Shadow",0,1,N/A
"October 11, 2016",Illinois,Chicago,"2800 block of South Central Park",0,1,N/A
"October 11, 2016",Alabama,Mobile,"913 North Wilson Avenue",0,1,N/A
"October 10, 2016","New York",Syracuse,"Atlantic Avenue and Ballantyne Road",0,1,N/A
"October 10, 2016",Connecticut,Groton,"117 Long Hill Rd",0,2,N/A
"October 10, 2016",Washington,Everett,"900 block of West Casino Road",0,1,N/A
"October 10, 2016",Tennessee,Memphis,"1800 block of Lauderdale Street",0,2,N/A
"October 10, 2016",Pennsylvania,Philadelphia,"900 block of Granite Street",0,1,N/A
"October 10, 2016",Illinois,Chicago,"800 block of North Central Avenue",0,1,N/A
"October 10, 2016",Pennsylvania,Philadelphia,"3100 block of Stirling Street",1,2,N/A
"October 10, 2016",Illinois,Chicago,"2600 block of South California",0,1,N/A
"October 10, 2016",Illinois,Chicago,"5500 block of West Lake",0,2,N/A
"October 10, 2016",Illinois,Chicago,"6700 block of South Francisco",0,1,N/A
"October 10, 2016",Illinois,"Chicago (Englewood)","2000 block of West 70th Place",0,3,N/A
"October 10, 2016",Illinois,Chicago,"3000 block of West Flournoy",0,1,N/A
"October 10, 2016",Georgia,Macon,"Broadway and Fulton Street",0,1,N/A
"October 10, 2016","South Carolina","Saint Matthews","1300 Burke Rd",1,1,N/A
"October 10, 2016",Illinois,Chicago,"2100 block of South Trumbull",0,1,N/A
"October 10, 2016",Illinois,Chicago,"200 block of South Central",0,1,N/A
"October 9, 2016",Kentucky,Lexington,"1880 Eastland Parkway",0,1,N/A
"October 9, 2016",California,"San Francisco","26th and Valencia Street",0,1,N/A
"October 9, 2016",Louisiana,"New Orleans","7700 block of South Cornet Court",0,1,N/A
"October 9, 2016",Colorado,Denver,"2830 North High Street",1,1,N/A
"October 9, 2016",Michigan,Detroit,"8500 block of Terry",0,1,N/A
"October 8, 2016",Washington,Spokane,"Standard and Ermina",0,1,N/A
"October 8, 2016",Ohio,Cleveland,"East 55th Street",0,1,N/A
"October 8, 2016",Illinois,Chicago,"2600 block of North Hoyne",0,1,N/A
"October 8, 2016",Illinois,Chicago,"10500 block of South Wallace",0,2,N/A
"October 8, 2016",Pennsylvania,Philadelphia,"5900 block of Horrocks Street",0,1,N/A
"October 8, 2016",Pennsylvania,"Pittsburgh (Mt Washington)","300 block of Virginia Street",0,1,N/A
"October 8, 2016",Kansas,"Kansas City","748 Washington Boulevard",0,1,N/A
"October 7, 2016",Illinois,"Chicago (Englewood)","6800 block of South Paulina",0,1,N/A
"October 7, 2016",Illinois,Chicago,"1400 block of South Springfield",0,1,N/A
"October 7, 2016","New York",Utica,"York and Court street",0,1,N/A
"October 6, 2016",Illinois,Chicago,"0 block of South Leamington",0,1,N/A
"October 6, 2016",Arkansas,"Little Rock","16th St. and Peyton",0,2,N/A
"October 6, 2016",Arkansas,"Little Rock","1600 block of Cone Ln.",0,1,N/A
"October 6, 2016",Louisiana,Rayville,"Tradition Street",0,1,N/A
"October 5, 2016",Virginia,"Virginia Beach","5600 block of Baker Court",0,1,N/A
"October 5, 2016",Tennessee,Knoxville,"2603 Martin Luther King Jr. Avenue",0,1,N/A
"October 5, 2016",Tennessee,Nashville,"16th Ave North",0,1,N/A
"October 5, 2016","North Dakota",Enderlin,N/A,0,1,N/A
"October 4, 2016",Tennessee,Nashville,"Buchanan Street",0,1,N/A
"October 4, 2016",Tennessee,Nashville,"1400 block of 16th Avenue North",0,1,N/A
"October 4, 2016",Oklahoma,Tulsa,"N. Lewis Avenue and E. Ute Street",0,1,N/A
"October 4, 2016",Virginia,Dumfries,"3800 block of Graham Park Rd",0,1,N/A
"October 4, 2016",Florida,Immokalee,"300 block of South Seventh Street",0,1,N/A
"October 4, 2016",Pennsylvania,"Darby (Collingdale)","Wayne Ave and MacDade Blvd",0,1,N/A
"October 4, 2016",Oregon,Portland,"East Burnside and 122nd Avenue",0,1,N/A
"October 3, 2016",Ohio,Cincinnati,"Derrick Turnbow Avenue and Linn Street",0,1,N/A
"October 3, 2016",Minnesota,Minneapolis,"Fourth Street and Hennepin Avenue",0,4,N/A
"October 3, 2016",Illinois,Chicago,"4200 block of South Sacramento",0,2,N/A
"October 3, 2016",Arkansas,"Little Rock","John Barrow Road and Kanis",0,1,N/A
"October 2, 2016",Tennessee,Memphis,"3400 block of Dupre Street",0,1,N/A
"October 2, 2016","New Jersey",Trenton,"600 block of Rutherford Avenue",0,1,N/A
"October 2, 2016",Tennessee,Nashville,N/A,0,1,N/A
"October 2, 2016","North Carolina",Kinston,"1500 block of Howard Street",0,1,N/A
"October 2, 2016",Missouri,"Saint Louis (St. Louis)","5000 block of Davison Ave",0,1,N/A
"October 2, 2016",Indiana,Indianapolis,"1150 block of Shelby Street",0,1,N/A
"October 2, 2016",California,Oakland,"75th Avenue and Hamilton Street",0,1,N/A
"October 2, 2016","New Jersey","Jersey City",N/A,0,1,N/A
"October 1, 2016",Massachusetts,Worcester,"267 Lincoln Street",0,1,N/A
"October 1, 2016",Louisiana,Shreveport,"327 Kings Highway",1,1,N/A
"October 1, 2016",Illinois,"Chicago (Roseland)","11300 block of South Harvard",0,1,N/A
"October 1, 2016",Illinois,Chicago,"3200 block of West Washington",0,1,N/A
"October 1, 2016",Illinois,"Chicago (Englewood)","6600 block of South Sangamon",0,1,N/A
"October 1, 2016",Ohio,Lima,"4251 Reservoir Road",0,1,N/A
"October 1, 2016",Pennsylvania,Allentown,"500 block of North 11th Street",0,1,N/A
"September 30, 2016",Ohio,Cleveland,"14000 block of Elsetta Avenue",0,2,N/A
"September 30, 2016",California,Sacramento,"8485 Auberry Drive",0,2,N/A
"September 30, 2016",Arkansas,"Little Rock","13th and Rice",0,3,N/A
"September 30, 2016",Illinois,Chicago,"3300 block of West 16th Street",0,1,N/A
"September 29, 2016",Tennessee,Nashville,"800 block of 40th Avenue North",0,1,N/A
"September 29, 2016",Florida,"Miami Gardens","19162 Northwest 46th Avenue",0,3,N/A
"September 29, 2016",Illinois,Chicago,"7800 block of South Maryland",0,1,N/A
"September 29, 2016",California,Fresno,"Sowell and Kaweah",0,1,N/A
"September 28, 2016",Florida,Orlando,"16900 East Colonial Drive",0,2,N/A
"September 28, 2016",Virginia,Richmond,"1100 block of Sumpter Street",0,1,N/A
"September 28, 2016",Florida,Ocala,"400 block of Northwest Ninth Street",0,2,N/A
"September 26, 2016",Texas,Humble,"21219 Grand Linden Court",0,4,N/A
"September 26, 2016",Ohio,Cleveland,"3300 block of East 149th Street",0,2,N/A
"September 26, 2016",Michigan,Pontiac,"North Perry and Martin Luther King Boulevard",0,1,N/A
"September 26, 2016",Michigan,"Grand Rapids","1400 block of Eastern Avenue Southeast",1,1,N/A
"September 26, 2016","New York",Brooklyn,"Park Avenue and Hall Street",0,1,N/A
"September 26, 2016",Michigan,Jackson,"310 West Morrell Street",0,1,N/A
"September 26, 2016",Kentucky,Lexington,"3500 block of Gunbow Court",0,1,N/A
"September 26, 2016",Illinois,Chicago,"1300 block of South Kedzie Avenue",0,1,N/A
"September 26, 2016",Texas,Tyler,"2000 block of Carlyle Avenue",0,1,N/A
"September 26, 2016",Illinois,Chicago,"3500 block of West 57th Street",0,1,N/A
"September 26, 2016",Illinois,Chicago,"3800 block of West Roosevelt Road",0,2,N/A
"September 26, 2016",Alabama,Huntsville,"10th Ave.",0,1,N/A
"September 26, 2016",Illinois,"Chicago (Englewood)","1900 block of West Marquette",0,1,N/A
"September 26, 2016",Georgia,Norcross,"1400 block of Wingfoot Way",0,1,N/A
"September 26, 2016",Wisconsin,Milwaukee,"2800 block of North Holton Street",0,1,N/A
"September 25, 2016",Washington,Vancouver,"4501 S.E. Columbia Way",0,2,N/A
"September 25, 2016",Pennsylvania,Charleroi,"900 block of Fallowfield Avenue",0,2,N/A
"September 25, 2016",Alabama,Birmingham,"2nd Avenue and 43rd Street South",0,1,N/A
"September 25, 2016",Tennessee,"Nashville (Donelson)","209 Blue Hills Drive",0,1,N/A
"September 25, 2016",Illinois,Chicago,"200 block of South Leamington",0,1,N/A
"September 25, 2016","North Carolina","Rocky Mount","Pennsylvania Avenue",0,1,N/A
"September 24, 2016",Michigan,Flint,"600 block of Odette Street",0,2,N/A
"September 24, 2016",Utah,Sandy,"9575 S State St",0,2,N/A
"September 24, 2016",Illinois,Chicago,"11800 block of South Union",0,1,N/A
"September 24, 2016",Illinois,Chicago,"8000 block of South Kingston",0,1,N/A
"September 24, 2016",Illinois,Chicago,"5100 block of South Ada Street",0,1,N/A
"September 24, 2016",Pennsylvania,Pittsburgh,"5000 block of Stanton Avenue",0,2,N/A
"September 23, 2016",Iowa,"Des Moines",N/A,0,1,N/A
"September 23, 2016",Alabama,"Bessemer (Hueytown)","3069 Allison-Bonnett Memorial Drive",0,1,N/A
"September 23, 2016",Illinois,Chicago,"200 block of East 58th Street",0,1,N/A
"September 23, 2016",Missouri,"Saint Louis","1200 block of N. Euclid Avenue",0,1,N/A
"September 22, 2016",Texas,Austin,"5900 block of East Stassney Lane",0,1,N/A
"September 21, 2016",Louisiana,Marrero,"2000 block of Rue Racine",0,1,N/A
"September 21, 2016",Illinois,Chicago,"6300 block of South Cottage Grove",0,1,N/A
"September 21, 2016",Tennessee,Memphis,"Wells Station and Gray",0,1,N/A
"September 21, 2016",Pennsylvania,York,"West Newton and South West streets",0,1,N/A
"September 21, 2016",California,Berkeley,"Sacramento and Russell Streets",0,1,N/A
"September 20, 2016",Virginia,Manassas,"7791 Sudley Road",0,1,N/A
"September 20, 2016","North Carolina",Wilmington,"15th and Castle Streets",0,1,N/A
"September 20, 2016",Indiana,Gary,"700 block of West 25th Avenue",0,1,N/A
"September 20, 2016",Florida,Miami,"4725 Northwest 24th Avenue",0,1,N/A
"September 20, 2016","North Carolina",Durham,"700 block of Massey Avenue",0,2,N/A
"September 20, 2016",Alabama,Selma,"King Street and Dallas Avenue",0,1,N/A
"September 19, 2016",Florida,Jacksonville,"North Pearl and West 62nd Street",0,1,N/A
"September 19, 2016",Missouri,"Saint Louis","660 Rosedale Avenue",0,1,N/A
"September 18, 2016",Illinois,"Chicago (Englewood)","1200 block of West 71st Street",0,1,N/A
"September 18, 2016",Florida,Jacksonville,"West 9th Street and Myrtle Avenue",0,1,N/A
"September 18, 2016",Florida,Jacksonville,"2500 block of Robert Street",0,3,N/A
"September 18, 2016",Illinois,Chicago,"3900 block of West Cermak Road",0,1,N/A
"September 18, 2016",Ohio,"Cincinnati (Lincoln Heights)","931 Adams Street",0,4,N/A
"September 18, 2016",Illinois,Chicago,"3900 block of West Lexington",0,2,N/A
"September 18, 2016",Maryland,Baltimore,"1500 block of North Fremont",0,1,N/A
"September 18, 2016",Maryland,Baltimore,"900 block of Ashburton Street",0,1,N/A
"September 18, 2016",Illinois,Chicago,"6600 block of South Rhodes Avenue",0,1,N/A
"September 17, 2016",Texas,"San Antonio","Grant Avenue and Mariposa",0,1,N/A
"September 17, 2016",Illinois,Chicago,"5100 block of South Sawyer Street",0,2,N/A
"September 17, 2016",Florida,Miami,"20582 Southwest 119th Avenue",0,6,N/A
"September 17, 2016",Texas,"San Antonio",N/A,0,1,N/A
"September 17, 2016",Tennessee,Jackson,"Point-O-Woods Drive",0,1,N/A
"September 17, 2016",Illinois,Chicago,"1000 block of West 103rd Place",0,1,N/A
"September 16, 2016",Texas,"Harris (county)",N/A,0,1,N/A
"September 16, 2016",Georgia,"Morgan (county)","Hawkins Avenue",0,1,N/A
"September 16, 2016",California,"Santa Ana","400 block of South Birch Street",1,1,N/A
"September 16, 2016",California,"North Hills","Sepulveda Blvd and Chase St",0,1,N/A
"September 16, 2016",Connecticut,"New Haven","Winchester Avenue and Lilac Street",0,2,N/A
"September 15, 2016","North Carolina",Reidsville,"500 block of McCoy Street",0,2,N/A
"September 15, 2016",California,Oakland,"1600 block of 78th Avenue",0,1,N/A
"September 15, 2016",California,Oakland,"9900 block of Pippin Street",0,1,N/A
"September 15, 2016",Wisconsin,Milwaukee,"7878 N 60th Street",0,1,N/A
"September 15, 2016",California,Fresno,"2500 block of Fairmont",0,1,N/A
"September 14, 2016",Ohio,Cleveland,"East 70th Street and Hough Avenue",0,1,N/A
"September 14, 2016",Delaware,Wilmington,"2600 block of North Market Street",0,1,N/A
"September 14, 2016",California,Pomona,"2900 block of Hollander Street",0,1,N/A
"September 14, 2016",Virginia,Manassas,"9800 block Maury Lane",0,3,N/A
"September 14, 2016","North Carolina",Jacksonville,N/A,0,1,N/A
"September 14, 2016","South Carolina",Columbia,"169 Brook Pines Drive",0,2,N/A
"September 13, 2016",Maryland,Baltimore,"1300 block of North Carey Street",0,1,N/A
"September 13, 2016",Maryland,Baltimore,"700 block of Mello Court",0,1,N/A
"September 13, 2016","New Jersey",Trenton,"100 block of Pearl Street",0,3,N/A
"September 13, 2016",Indiana,"Fort Wayne","1723 E Wayne St",3,2,N/A
"September 13, 2016",Pennsylvania,Pittsburgh,"6th Street",0,1,N/A
"September 13, 2016",Washington,Seattle,"23rd Ave. and E. Cherry Street",0,1,N/A
"September 12, 2016",Maryland,Baltimore,"1500 block of North Fremont Street",0,1,N/A
"September 12, 2016",Florida,"Pompano Beach","800 block of Hammondville Road",0,1,N/A
"September 12, 2016",Nebraska,Omaha,"103rd and Seward Street",0,2,N/A
"September 11, 2016",Illinois,Chicago,"8900 block of South Justine Street",1,2,N/A
"September 11, 2016",Indiana,"Fort Wayne","3006 Holton Avenue",3,1,N/A
"September 11, 2016",Florida,Jacksonville,"5700 block of Lexington Avenue",0,3,N/A
"September 11, 2016",California,Napa,"First Street and Freeway Drive",0,1,N/A
"September 11, 2016",Illinois,"Chicago (Englewood)","6000 block of South Wood",0,1,N/A
"September 11, 2016",Arizona,Phoenix,"Buckeye and 83rd",0,2,N/A
"September 10, 2016",Maryland,Baltimore,"900 block of Ashburton Street",0,1,N/A
"September 10, 2016",Delaware,"New Castle","Del. 273 and Airport Road",0,1,N/A
"September 10, 2016",Illinois,"Chicago (Roseland)","10900 block of South Eberhart Avenue",0,1,N/A
"September 10, 2016",California,"Santa Ana","700 block of West Third Street",0,1,N/A
"September 10, 2016",Connecticut,Stamford,"Strawberry Hill Avenue",0,1,N/A
"September 10, 2016",California,Oakland,"2300 block of 25th Avenue",0,1,N/A
"September 10, 2016",California,Oroville,"2400 block of D Street",0,1,N/A
"September 10, 2016",Florida,Miami,"Northwest 5th Avenue and Northwest 7th Street",0,1,N/A
"September 10, 2016",Illinois,Chicago,"5500 block of West Ohio",0,1,N/A
"September 10, 2016",California,"Los Angeles (Watts)","1500 block of 92nd street",0,1,N/A
"September 10, 2016",California,"San Francisco","4700 block of Third Street",0,1,N/A
"September 9, 2016","New Jersey",Trenton,"100 East Paul Avenue",0,1,N/A
"September 9, 2016",Michigan,Detroit,"Seven Mile",0,3,N/A
"September 9, 2016",Pennsylvania,Philadelphia,"5th and Erie",0,3,N/A
"September 8, 2016",Texas,Alpine,"704 West Sul Ross Avenue",1,2,N/A
"September 8, 2016",Tennessee,Nashville,"Wildgrove Court",0,1,N/A
"September 8, 2016",Arkansas,"Hot Springs National Park (Hot Springs)","300 block of Lacey Street",1,4,N/A
"September 8, 2016",Pennsylvania,Pittsburgh,"3875 Perrysville Ave",0,1,N/A
"September 8, 2016",Utah,"Salt Lake City (Kearns)","5525 Cougar Lane",0,1,N/A
"September 7, 2016",Ohio,Cincinnati,"600 block of Dutch Colony Drive",0,2,N/A
"September 7, 2016",Louisiana,"New Orleans (River Ridge)","300 block of Bengal Road",1,1,N/A
"September 7, 2016",Florida,"Pembroke Pines","18200 block of Northwest Fifteenth Lane",0,1,N/A
"September 6, 2016",Ohio,Cleveland,"2800 block of East 122nd Street",0,1,N/A
"September 6, 2016",Illinois,Chicago,"2600 block of West Crystal",0,1,N/A
"September 6, 2016",Georgia,Atlanta,"Crogman and Lansing Streets SE",0,1,N/A
"September 5, 2016",Florida,Jacksonville,"West 34th and Pearce Street",0,1,N/A
"September 5, 2016",Georgia,Savannah,"1200 block of East 41st Street",0,1,N/A
"September 5, 2016",Kentucky,Lexington,"Augusta Drive",0,1,N/A
"September 5, 2016",Maryland,Baltimore,"2100 block of Aiken St.",0,1,N/A
"September 5, 2016","South Carolina","Fort Mill","Avenue of the Carolinas",0,1,N/A
"September 5, 2016",Pennsylvania,Reading,"600 block of Moss Street",0,4,N/A
"September 5, 2016",Louisiana,"New Orleans","Republic Street and Law Street",0,2,N/A
"September 5, 2016",Washington,Spokane,"East Cozza Drive and North Standard Street",0,1,N/A
"September 5, 2016",Illinois,Chicago,"2100 block of West Fargo Avenue",0,2,N/A
"September 5, 2016",Illinois,Chicago,"2700 block of West Lexington Avenue",2,3,N/A
"September 5, 2016",Ohio,"Ross (county)","52 Reservation Circle",0,1,N/A
"September 5, 2016",Kentucky,Louisville,"2100 block of Beuchel Bank Road",0,1,N/A
"September 4, 2016",Tennessee,Madison,"100 block of Tuckahoe Square West",0,1,N/A
"September 4, 2016",Ohio,Cincinnati,"Broadway and Mehring Way",0,1,N/A
"September 4, 2016",Georgia,Savannah,"Bull Street",0,1,N/A
"September 4, 2016",Ohio,"North Ridgeville","5300 block of Lear Neagle Road",0,1,N/A
"September 4, 2016",Illinois,Chicago,"1400 block of North Laramie",0,1,N/A
"September 4, 2016",Illinois,Chicago,"5200 block of West LeMoyne Street",0,1,N/A
"September 4, 2016",California,Stockton,"Dallas Avenue and Connecticut Ave",1,1,N/A
"September 4, 2016",Pennsylvania,"Pittsburgh (Hazelwood)","Winston Street",0,2,N/A
"September 4, 2016",Virginia,Norfolk,"1200 block of Underwood Avenue",0,1,N/A
"September 4, 2016",California,Bakersfield,"200 block of La Colina Drive",0,2,N/A
"September 3, 2016",Virginia,Richmond,"1300 block of Jennie Scher Road",0,1,N/A
"September 3, 2016",Delaware,Wilmington,"200 block of N. Franklin St.",0,1,N/A
"September 3, 2016",Ohio,Toledo,"2293 Kent St",0,1,N/A
"September 3, 2016",Illinois,Chicago,"4927 block of North Kenmore",0,2,N/A
"September 3, 2016",Illinois,Chicago,"100 block of North Parkside",0,1,N/A
"September 3, 2016",Illinois,Chicago,"5000 block of West Hirsch Street",0,1,N/A
"September 2, 2016",Pennsylvania,Johnstown,"Grove Avenue and Village Street",0,2,N/A
"September 2, 2016",Oklahoma,Tulsa,"4929 N. Peoria Avenue",0,1,N/A
"September 2, 2016",Texas,"Wichita Falls","5143 Kingston Drive",1,1,N/A
"September 1, 2016",Delaware,Wilmington,"300 block of W. 24th Street",0,1,N/A
"September 1, 2016",Michigan,Jackson,"1100 block of Adrian Street",0,1,N/A
"September 1, 2016",Virginia,"Newport News","35th and Marshall",0,2,N/A
"September 1, 2016",Illinois,Chicago,"500 block of North Central",0,1,N/A
"September 1, 2016",Illinois,"Chicago (Englewood)","6700 block of South Hermitage Avenue",0,1,N/A
"August 31, 2016",Texas,"San Antonio","2700 block of East Houston Street",0,2,N/A
"August 31, 2016",Tennessee,Memphis,"3200 block of Covington Pike",0,1,N/A